{"time_last_update":1773015734,"weights":{"frec":0.7,"rece":0.3},"init_weights":{"frec":0.7,"rece":0.3},"norms":{"rece":{"beta":0.001,"mean":2.0627146155721032,"var":1.1193974045575283},"frec":{"beta":0.001,"mean":20727.29932328504,"var":310.3400134133498}},"score_map":{"Hl5wxDHgw9Ru":{"frec":2.8212619703551964,"rece":0.6947337596800467,"final":2.1833035071526514},"jP9OaWtTFrZN":{"frec":2.196846293846611,"rece":-0.0643386739376206,"final":1.5184908035113414},"4dpI6wnmSYdX":{"frec":1.9130209863427081,"rece":1.7139458940643542,"final":1.8532984586592018},"0-KrRVqAROWx":{"frec":1.799490863341147,"rece":1.830741732299611,"final":1.808866124028686},"YrJUCJ0DZ5Ru":{"frec":1.5724306173380251,"rece":1.4339092609239992,"final":1.5308742104138173},"mYRTYhCWU3PZ":{"frec":1.5156655558372445,"rece":2.200787726011579,"final":1.721202206889545},"UIV4UC0yY8xe":{"frec":1.231840248333342,"rece":-1.0051170737729067,"final":0.5607530517014674},"Z_1delKOXS6s":{"frec":1.231840248333342,"rece":-0.06169314348376821,"final":0.8437802307882089},"5E7WT_c7rSZp":{"frec":0.49389444882319544,"rece":-0.06287316857835619,"final":0.3268641636027299},"6uE6BN4qifMg":{"frec":-0.4143465351892927,"rece":-0.05972186679442489,"final":-0.30795913467083236},"3Hu2NkwlTsxK":{"frec":-0.47111159669007324,"rece":-1.0055912856707714,"final":-0.6314555033842827},"94hEoVA9DsTN":{"frec":-0.9819971501970979,"rece":-0.43973421998195117,"final":-0.8193182711325537},"PxkFtQMNRqAz":{"frec":-1.1522923346994394,"rece":-0.536909823562689,"final":-0.9676775813584142}}}